"Date","Price","Open","High","Low","Vol.","Change %"
"02/01/2023","32.74","32.00","33.00","31.66","27.61M","2.25%"
"02/02/2023","31.72","32.91","32.94","31.42","39.84M","-3.12%"
"02/03/2023","30.32","30.84","31.11","30.21","35.46M","-4.41%"
"02/06/2023","30.21","30.27","30.42","30.02","19.97M","-0.36%"
"02/07/2023","30.63","30.29","31.00","30.14","24.79M","1.39%"
"02/08/2023","30.37","30.78","30.78","30.29","12.45M","-0.85%"
"02/09/2023","29.76","30.70","30.91","29.59","22.28M","-2.01%"
"02/10/2023","29.62","29.81","29.95","29.36","16.42M","-0.47%"
"02/13/2023","29.58","29.52","29.80","29.32","12.36M","-0.14%"
"02/14/2023","29.64","29.34","29.84","29.10","17.61M","0.20%"
"02/15/2023","28.79","28.96","28.96","28.51","22.89M","-2.87%"
"02/16/2023","28.67","28.48","28.95","28.14","19.61M","-0.42%"
"02/17/2023","28.41","28.29","28.47","27.78","23.33M","-0.91%"
"02/21/2023","28.11","28.27","28.56","27.95","16.10M","-1.06%"
"02/22/2023","27.45","27.89","27.96","27.25","21.11M","-2.35%"
"02/23/2023","27.31","27.49","27.63","27.13","15.69M","-0.51%"
"02/24/2023","26.99","26.88","27.05","26.64","20.02M","-1.17%"
"02/27/2023","27.20","27.12","27.32","26.95","15.40M","0.78%"
"02/28/2023","27.51","27.22","27.69","26.95","25.66M","1.14%"
"03/01/2023","28.11","27.80","28.34","27.72","36.70M","2.18%"
"03/02/2023","28.17","28.00","28.21","27.84","14.68M","0.21%"
"03/03/2023","28.63","28.51","28.64","28.19","15.77M","1.63%"
"03/06/2023","28.08","28.35","28.49","27.90","16.15M","-1.92%"
"03/07/2023","26.89","27.72","27.80","26.73","34.51M","-4.24%"
"03/08/2023","26.81","26.92","27.37","26.68","23.26M","-0.30%"
"03/09/2023","26.68","27.06","27.33","26.58","20.88M","-0.48%"
"03/10/2023","27.20","27.30","27.95","27.15","35.75M","1.95%"
"03/13/2023","29.10","28.50","29.28","28.34","56.71M","6.99%"
"03/14/2023","29.33","29.03","29.48","28.75","23.98M","0.79%"
"03/15/2023","29.33","29.83","29.83","28.94","34.83M","0.00%"
"03/16/2023","29.16","29.45","29.50","28.50","31.41M","-0.58%"
"03/17/2023","30.58","29.74","31.02","29.36","63.72M","4.87%"
"03/20/2023","31.11","31.02","31.31","30.75","28.66M","1.73%"
"03/21/2023","30.00","30.62","30.63","29.64","35.60M","-3.57%"
"03/22/2023","30.56","30.12","31.17","30.04","30.86M","1.87%"
"03/23/2023","31.31","30.89","31.70","30.65","27.96M","2.45%"
"03/24/2023","31.55","31.39","31.80","31.11","28.48M","0.77%"
"03/27/2023","31.52","30.86","31.55","30.74","17.07M","-0.10%"
"03/28/2023","32.31","31.70","32.35","31.43","24.62M","2.51%"
"03/29/2023","32.04","32.02","32.37","31.88","17.27M","-0.84%"
"03/30/2023","32.52","32.36","32.63","32.11","18.70M","1.50%"
"03/31/2023","32.35","32.62","32.73","32.09","18.46M","-0.52%"
"04/03/2023","33.08","32.50","33.29","32.24","32.42M","2.26%"
"04/04/2023","34.19","33.11","34.28","32.92","38.92M","3.36%"
"04/05/2023","34.34","34.52","34.70","33.84","27.68M","0.44%"
"04/06/2023","34.43","34.20","34.51","33.77","16.11M","0.26%"
"04/10/2023","33.99","33.97","34.04","33.67","20.71M","-1.28%"
"04/11/2023","34.58","34.24","35.03","34.24","21.02M","1.74%"
"04/12/2023","34.92","35.13","35.24","34.46","20.59M","0.98%"
"04/13/2023","35.87","35.47","36.10","35.43","28.52M","2.72%"
"04/14/2023","35.09","35.37","35.58","34.38","34.15M","-2.17%"
"04/17/2023","34.30","34.67","34.83","34.07","25.51M","-2.25%"
"04/18/2023","34.55","34.41","35.19","34.38","25.45M","0.73%"
"04/19/2023","34.08","33.93","34.38","33.83","27.06M","-1.36%"
"04/20/2023","34.06","34.31","34.63","33.97","15.98M","-0.06%"
"04/21/2023","33.61","33.74","34.07","33.29","23.14M","-1.32%"
"04/24/2023","33.71","33.55","33.89","33.35","15.12M","0.30%"
"04/25/2023","33.77","33.60","33.92","33.24","14.44M","0.18%"
"04/26/2023","33.33","34.17","34.22","33.25","14.90M","-1.30%"
"04/27/2023","33.85","33.24","33.88","33.06","16.94M","1.56%"
"04/28/2023","33.58","33.79","33.92","33.31","17.74M","-0.80%"
"05/01/2023","33.41","34.15","34.30","33.37","13.29M","-0.51%"
"05/02/2023","34.74","33.42","34.78","33.34","34.82M","3.98%"
"05/03/2023","34.86","34.64","35.16","34.51","23.34M","0.35%"
"05/04/2023","35.69","35.13","36.26","35.10","35.17M","2.38%"
"05/05/2023","35.40","34.62","35.59","34.52","22.26M","-0.81%"
"05/08/2023","35.36","35.49","35.81","35.16","12.25M","-0.11%"
"05/09/2023","35.25","35.28","35.53","35.09","9.80M","-0.31%"
"05/10/2023","35.00","35.30","35.35","34.56","21.05M","-0.71%"
"05/11/2023","33.52","34.68","34.68","33.52","31.07M","-4.23%"
"05/12/2023","33.60","33.50","33.76","33.30","17.36M","0.24%"
"05/15/2023","33.91","33.78","34.17","33.71","13.34M","0.92%"
"05/16/2023","33.01","33.77","33.87","32.81","25.03M","-2.65%"
"05/17/2023","32.73","33.00","33.02","32.49","19.20M","-0.85%"
"05/18/2023","31.88","32.17","32.22","31.48","31.40M","-2.60%"
"05/19/2023","32.16","32.06","32.58","31.74","18.82M","0.88%"
"05/22/2023","31.87","32.08","32.23","31.87","13.00M","-0.90%"
"05/23/2023","31.65","31.70","31.94","31.54","13.62M","-0.69%"
"05/24/2023","30.92","31.81","31.82","30.82","23.98M","-2.31%"
"05/25/2023","30.26","30.65","30.66","30.18","21.43M","-2.13%"
"05/26/2023","30.41","30.69","30.80","30.16","16.91M","0.50%"
"05/30/2023","30.20","30.45","30.58","30.11","23.32M","-0.69%"
"05/31/2023","30.91","30.31","31.25","30.25","35.96M","2.35%"
"06/01/2023","32.01","31.08","32.29","31.03","32.22M","3.56%"
"06/02/2023","31.41","32.06","32.25","31.21","26.60M","-1.87%"
"06/05/2023","31.56","31.26","31.77","31.22","14.13M","0.48%"
"06/06/2023","31.63","31.65","31.69","31.24","11.37M","0.22%"
"06/07/2023","31.05","31.70","32.24","30.93","23.06M","-1.83%"
"06/08/2023","31.54","31.55","31.87","31.40","18.43M","1.58%"
"06/09/2023","31.08","31.47","31.55","31.07","12.67M","-1.46%"
"06/12/2023","31.24","31.03","31.25","30.78","10.29M","0.51%"
"06/13/2023","30.89","31.43","31.64","30.80","17.55M","-1.12%"
"06/14/2023","30.87","31.26","31.48","30.53","15.75M","-0.06%"
"06/15/2023","31.00","30.77","31.04","30.53","18.20M","0.42%"
"06/16/2023","31.39","31.20","31.74","30.90","19.29M","1.26%"
"06/20/2023","30.14","30.83","30.86","30.13","28.36M","-3.98%"
"06/21/2023","30.06","30.00","30.26","29.62","16.16M","-0.27%"
"06/22/2023","29.85","29.60","29.92","29.53","18.08M","-0.70%"
"06/23/2023","29.79","30.13","30.34","29.70","15.08M","-0.20%"
"06/26/2023","30.07","29.91","30.30","29.65","14.26M","0.94%"
"06/27/2023","29.65","30.12","30.18","29.36","23.42M","-1.40%"
"06/28/2023","29.22","29.41","29.58","29.17","25.96M","-1.45%"
"06/29/2023","29.62","28.90","29.62","28.76","17.50M","1.37%"
"06/30/2023","30.11","29.72","30.13","29.50","20.73M","1.65%"
"07/03/2023","30.69","30.25","30.77","30.17","17.73M","1.93%"
"07/05/2023","29.83","30.73","30.77","29.81","22.27M","-2.80%"
"07/06/2023","29.07","29.64","29.66","28.91","29.16M","-2.55%"
"07/07/2023","29.45","29.30","29.82","29.25","16.73M","1.31%"
"07/10/2023","30.04","29.31","30.15","29.25","24.98M","2.00%"
"07/11/2023","30.24","30.24","30.47","30.03","14.83M","0.67%"
"07/12/2023","31.82","30.83","31.95","30.82","44.18M","5.22%"
"07/13/2023","32.19","32.17","32.26","31.94","19.56M","1.16%"
"07/14/2023","31.96","32.11","32.40","31.90","15.33M","-0.71%"
"07/17/2023","31.97","31.71","32.11","31.48","9.78M","0.03%"
"07/18/2023","32.63","32.37","32.92","32.10","20.92M","2.06%"
"07/19/2023","32.36","32.44","32.56","32.23","9.27M","-0.83%"
"07/20/2023","31.39","32.08","32.21","31.36","22.81M","-3.00%"
"07/21/2023","31.49","31.20","31.57","31.04","12.29M","0.32%"
"07/24/2023","31.29","31.46","31.60","31.01","10.81M","-0.64%"
"07/25/2023","31.78","31.40","31.89","31.30","14.01M","1.57%"
"07/26/2023","31.65","31.83","31.83","31.34","14.70M","-0.41%"
"07/27/2023","30.35","31.37","31.39","30.33","38.58M","-4.11%"
"07/28/2023","30.72","30.72","30.86","30.48","18.51M","1.22%"
"07/31/2023","31.41","30.97","31.75","30.93","19.19M","2.25%"
"08/01/2023","30.23","30.72","30.87","30.19","23.91M","-3.76%"
"08/02/2023","29.28","30.12","30.18","29.20","23.96M","-3.14%"
"08/03/2023","29.28","29.36","29.57","29.07","15.67M","0.00%"
"08/04/2023","29.56","29.57","29.81","29.36","17.47M","0.96%"
"08/07/2023","29.33","29.52","29.56","29.06","11.42M","-0.78%"
"08/08/2023","29.08","28.95","29.22","28.67","15.44M","-0.85%"
"08/09/2023","29.13","29.16","29.36","28.92","9.57M","0.17%"
"08/10/2023","29.17","29.40","29.60","28.99","16.83M","0.14%"
"08/11/2023","29.46","29.01","29.50","28.95","10.36M","0.99%"
"08/14/2023","28.95","29.11","29.13","28.50","12.18M","-1.73%"
"08/15/2023","28.21","28.84","28.86","28.13","20.29M","-2.56%"
"08/16/2023","27.83","28.20","28.24","27.82","13.52M","-1.35%"
"08/17/2023","27.61","27.89","27.98","27.45","16.12M","-0.79%"
"08/18/2023","27.45","27.63","27.63","27.30","18.33M","-0.58%"
"08/21/2023","27.71","27.61","27.75","27.27","18.23M","0.95%"
"08/22/2023","27.95","27.82","27.96","27.53","13.73M","0.87%"
"08/23/2023","28.74","28.26","28.95","28.20","30.56M","2.83%"
"08/24/2023","28.68","28.65","28.97","28.28","17.08M","-0.21%"
"08/25/2023","28.40","28.62","28.85","28.01","15.35M","-0.98%"
"08/28/2023","29.00","28.54","29.13","28.42","18.15M","2.11%"
"08/29/2023","29.53","28.89","29.53","28.82","19.62M","1.83%"
"08/30/2023","29.52","29.78","30.00","29.41","14.52M","-0.03%"
"08/31/2023","29.26","29.52","29.63","29.04","16.44M","-0.88%"
"09/01/2023","29.09","29.66","29.85","29.06","20.83M","-0.58%"
"09/05/2023","28.49","28.82","29.03","28.36","19.55M","-2.06%"
"09/06/2023","28.47","28.33","28.74","28.24","14.81M","-0.07%"
"09/07/2023","28.28","28.41","28.46","28.16","13.90M","-0.67%"
"09/08/2023","28.34","28.39","28.81","28.28","17.25M","0.21%"
"09/11/2023","28.77","28.76","28.95","28.60","13.54M","1.52%"
"09/12/2023","28.79","28.40","29.04","28.38","9.55M","0.07%"
"09/13/2023","28.72","28.80","28.98","28.58","10.51M","-0.24%"
"09/14/2023","29.11","28.75","29.35","28.74","15.56M","1.36%"
"09/15/2023","29.72","29.42","29.89","29.40","24.78M","2.10%"
"09/18/2023","29.75","29.64","29.86","29.36","11.02M","0.10%"
"09/19/2023","29.40","29.84","29.86","29.31","13.15M","-1.18%"
"09/20/2023","29.71","29.46","30.13","29.44","21.91M","1.05%"
"09/21/2023","28.91","29.09","29.25","28.78","23.91M","-2.69%"
"09/22/2023","28.87","29.15","29.42","28.85","15.05M","-0.14%"
"09/25/2023","28.51","28.77","28.79","28.26","16.13M","-1.25%"
"09/26/2023","27.74","28.26","28.33","27.74","18.92M","-2.70%"
"09/27/2023","26.91","27.56","27.60","26.66","33.53M","-2.99%"
"09/28/2023","27.05","26.87","27.08","26.62","28.48M","0.52%"
"09/29/2023","26.91","27.46","27.59","26.66","23.09M","-0.52%"
"10/02/2023","25.99","26.56","26.56","25.89","28.44M","-3.42%"
"10/03/2023","26.07","25.91","26.28","25.68","25.71M","0.31%"
"10/04/2023","25.91","26.13","26.17","25.62","17.97M","-0.61%"
"10/05/2023","26.32","25.89","26.33","25.88","15.61M","1.58%"
"10/06/2023","26.89","26.36","27.10","26.26","25.57M","2.17%"
"10/09/2023","27.54","27.36","27.60","27.26","23.04M","2.42%"
"10/10/2023","27.81","27.67","27.87","27.48","18.95M","0.98%"
"10/11/2023","28.32","28.22","28.34","27.95","22.28M","1.83%"
"10/12/2023","27.74","28.32","28.42","27.59","22.36M","-2.05%"
"10/13/2023","28.95","28.69","29.10","28.47","34.51M","4.36%"
"10/16/2023","29.00","28.86","29.19","28.64","16.39M","0.17%"
"10/17/2023","29.53","28.98","29.57","28.83","17.62M","1.83%"
"10/18/2023","29.45","29.98","30.07","29.27","23.18M","-0.27%"
"10/19/2023","29.51","29.45","29.58","29.00","24.52M","0.20%"
"10/20/2023","29.48","29.60","30.16","29.47","29.72M","-0.10%"
"10/23/2023","29.24","29.26","29.53","28.71","16.69M","-0.81%"
"10/24/2023","29.26","28.91","29.38","28.88","13.49M","0.07%"
"10/25/2023","28.78","29.11","29.51","28.76","21.06M","-1.64%"
"10/26/2023","28.52","28.71","28.88","28.09","37.27M","-0.90%"
"10/27/2023","29.20","28.64","29.22","28.32","31.55M","2.38%"
"10/30/2023","28.77","29.25","29.36","28.70","21.90M","-1.47%"
"10/31/2023","28.01","28.62","28.84","27.79","30.99M","-2.64%"
"11/01/2023","28.11","28.10","28.33","27.60","29.75M","0.36%"
"11/02/2023","28.26","28.41","28.41","27.90","15.68M","0.53%"
"11/03/2023","29.47","28.54","29.81","28.50","44.11M","4.28%"
"11/06/2023","29.15","29.37","29.55","29.11","26.55M","-1.09%"
"11/07/2023","28.59","28.77","28.84","28.11","42.31M","-1.92%"
"11/08/2023","27.69","28.33","28.43","27.53","25.65M","-3.15%"
"11/09/2023","27.59","27.78","28.25","27.41","19.59M","-0.36%"
"11/10/2023","27.25","27.35","27.40","27.01","19.08M","-1.23%"
"11/13/2023","27.04","27.14","27.39","27.02","13.32M","-0.77%"
"11/14/2023","28.33","27.75","28.52","27.68","31.50M","4.77%"
"11/15/2023","28.19","28.36","28.50","28.00","16.31M","-0.49%"
"11/16/2023","28.61","28.25","29.07","28.19","34.03M","1.49%"
"11/17/2023","28.43","28.69","28.86","28.38","14.43M","-0.63%"
"11/20/2023","28.51","28.14","28.54","27.97","15.32M","0.28%"
"11/21/2023","29.21","28.95","29.60","28.95","28.99M","2.46%"
"11/22/2023","29.25","29.24","29.40","29.01","12.39M","0.14%"
"11/24/2023","29.32","29.25","29.52","29.18","8.16M","0.24%"
"11/27/2023","29.79","29.71","29.95","29.46","19.76M","1.60%"
"11/28/2023","31.22","30.15","31.23","30.06","41.11M","4.80%"
"11/29/2023","31.20","31.22","31.39","30.95","21.03M","-0.06%"
"11/30/2023","31.32","31.07","31.33","30.86","18.19M","0.38%"
"12/01/2023","31.81","31.24","31.91","31.12","33.53M","1.56%"
"12/04/2023","31.02","31.12","31.30","30.74","45.80M","-2.48%"
"12/05/2023","30.48","30.69","30.95","30.17","28.22M","-1.74%"
"12/06/2023","30.42","30.84","30.97","30.41","16.84M","-0.20%"
"12/07/2023","30.32","30.62","30.63","29.99","18.81M","-0.33%"
"12/08/2023","29.68","29.68","30.11","29.36","27.56M","-2.11%"
"12/11/2023","29.55","29.34","29.63","29.08","18.24M","-0.44%"
"12/12/2023","28.86","29.65","29.65","28.72","25.65M","-2.34%"
"12/13/2023","30.70","28.87","30.70","28.67","44.14M","6.38%"
"12/14/2023","31.31","31.18","31.93","31.04","36.95M","1.99%"
"12/15/2023","30.95","31.11","31.34","30.89","21.27M","-1.15%"
"12/18/2023","30.73","30.72","30.83","30.41","20.87M","-0.71%"
"12/19/2023","31.55","30.90","31.85","30.82","33.53M","2.67%"
"12/20/2023","30.78","31.63","31.68","30.77","20.21M","-2.44%"
"12/21/2023","31.35","31.30","31.56","31.17","19.97M","1.85%"
"12/22/2023","31.56","32.00","32.35","31.56","22.68M","0.67%"
"12/26/2023","31.67","31.69","31.90","31.47","10.34M","0.35%"
"12/27/2023","31.98","31.85","32.29","31.79","18.34M","0.98%"
"12/28/2023","31.17","31.83","31.97","31.15","27.29M","-2.53%"
"12/29/2023","31.01","31.00","31.16","30.68","19.13M","-0.51%"
"01/02/2024","30.56","31.04","31.24","30.50","21.61M","-1.45%"
"01/03/2024","29.76","29.91","30.06","29.52","33.47M","-2.62%"
"01/04/2024","29.77","29.85","29.96","29.44","17.86M","0.03%"
"01/05/2024","29.77","29.81","30.36","29.51","19.59M","0.00%"
"01/08/2024","29.70","29.29","29.87","29.22","14.19M","-0.24%"
"01/09/2024","29.17","29.77","29.77","29.07","20.97M","-1.78%"
"01/10/2024","29.11","29.14","29.34","28.91","19.69M","-0.21%"
"01/11/2024","28.89","29.14","29.30","28.52","22.44M","-0.76%"
"01/12/2024","29.70","29.72","30.22","29.56","29.23M","2.80%"
"01/16/2024","28.39","29.21","29.22","28.33","31.80M","-4.41%"
"01/17/2024","27.51","27.95","27.97","27.43","37.53M","-3.10%"
"01/18/2024","27.59","27.79","27.79","27.41","18.32M","0.29%"
"01/19/2024","27.69","27.81","27.81","27.33","20.57M","0.36%"
"01/22/2024","27.60","27.33","27.73","27.23","11.06M","-0.33%"
"01/23/2024","28.23","27.82","28.25","27.71","17.40M","2.28%"
"01/24/2024","27.70","28.85","29.04","27.68","27.26M","-1.88%"
"01/25/2024","28.25","28.14","28.35","27.99","17.61M","1.99%"
"01/26/2024","28.07","28.24","28.46","28.02","14.25M","-0.64%"
"01/29/2024","28.36","28.40","28.40","27.86","16.19M","1.03%"
"01/30/2024","28.15","28.54","28.59","27.98","15.32M","-0.74%"
"01/31/2024","27.94","28.26","28.77","27.87","28.24M","-0.75%"
"02/01/2024","29.03","28.29","29.14","28.25","34.10M","3.90%"
"02/02/2024","28.02","28.21","28.24","27.69","37.21M","-3.48%"
"02/05/2024","27.36","27.46","27.67","27.23","22.15M","-2.36%"
"02/06/2024","27.72","27.49","27.77","27.37","11.29M","1.32%"
"02/07/2024","27.46","27.65","27.75","27.38","13.06M","-0.94%"
"02/08/2024","27.30","27.30","27.45","27.17","12.61M","-0.58%"
"02/09/2024","26.97","27.17","27.19","26.77","20.97M","-1.21%"
"02/12/2024","27.29","26.92","27.41","26.85","17.51M","1.19%"
"02/13/2024","25.89","26.62","26.63","25.68","48.89M","-5.13%"
"02/14/2024","26.01","25.97","26.10","25.68","26.13M","0.46%"
"02/15/2024","26.77","26.35","27.06","26.33","26.93M","2.92%"
"02/16/2024","26.86","26.60","27.16","26.52","19.62M","0.34%"
"02/20/2024","26.99","27.18","27.24","26.87","16.05M","0.48%"
"02/21/2024","26.82","27.00","27.00","26.43","21.68M","-0.63%"
"02/22/2024","26.16","26.70","26.74","26.06","27.63M","-2.46%"
"02/23/2024","26.66","26.25","26.76","26.01","27.37M","1.91%"
"02/26/2024","26.25","26.36","26.36","26.02","20.29M","-1.54%"
"02/27/2024","26.03","26.27","26.36","26.01","20.49M","-0.84%"
"02/28/2024","25.78","25.92","25.94","25.67","20.07M","-0.96%"
"02/29/2024","26.36","26.33","26.69","26.28","28.38M","2.25%"
"03/01/2024","27.33","26.71","27.45","26.30","41.35M","3.68%"
"03/04/2024","28.51","27.80","28.58","27.68","49.40M","4.32%"
"03/05/2024","28.66","28.98","29.15","28.63","33.71M","0.53%"
"03/06/2024","29.16","29.05","29.54","29.01","28.67M","1.74%"
"03/07/2024","29.61","29.50","29.72","29.34","25.81M","1.54%"
"03/08/2024","29.64","29.82","30.00","29.44","32.73M","0.10%"
"03/11/2024","30.13","29.60","30.34","29.45","28.31M","1.65%"
"03/12/2024","29.58","29.55","29.62","29.20","25.33M","-1.83%"
"03/13/2024","30.29","29.78","30.49","29.73","24.68M","2.40%"
"03/14/2024","29.89","29.96","30.09","29.71","22.34M","-1.32%"
"03/15/2024","29.89","29.79","30.08","29.61","22.36M","0.00%"
"03/18/2024","29.74","29.85","29.92","29.66","25.77M","-0.50%"
"03/19/2024","29.06","29.51","29.53","29.02","28.70M","-2.29%"
"03/20/2024","30.26","28.96","30.52","28.91","35.67M","4.13%"
"03/21/2024","29.96","30.54","30.84","29.96","34.09M","-0.99%"
"03/22/2024","29.60","29.77","30.05","29.59","21.65M","-1.20%"
"03/25/2024","29.83","29.83","30.39","29.82","17.64M","0.78%"
"03/26/2024","29.85","30.46","30.47","29.82","13.43M","0.07%"
"03/27/2024","30.96","30.04","30.97","30.02","26.95M","3.72%"
"03/28/2024","31.62","31.41","31.78","31.11","28.72M","2.13%"
"04/01/2024","32.03","32.31","32.43","31.71","27.02M","1.30%"
"04/02/2024","32.44","32.24","32.49","31.95","34.46M","1.28%"
"04/03/2024","33.14","32.39","33.24","32.33","30.51M","2.16%"
"04/04/2024","32.78","33.14","33.31","32.73","29.95M","-1.09%"
"04/05/2024","33.84","33.00","33.99","32.79","41.89M","3.23%"
"04/08/2024","33.60","34.15","34.27","33.30","24.47M","-0.71%"
"04/09/2024","34.18","34.23","34.59","33.92","29.05M","1.73%"
"04/10/2024","33.68","33.29","34.06","32.98","33.13M","-1.46%"
"04/11/2024","34.45","34.12","34.49","33.54","22.45M","2.29%"
"04/12/2024","33.76","35.06","35.74","33.44","71.51M","-2.00%"
"04/15/2024","33.53","34.06","34.14","33.00","34.57M","-0.68%"
"04/16/2024","33.03","33.05","33.26","32.43","32.55M","-1.49%"
"04/17/2024","33.55","33.32","33.95","33.11","27.93M","1.57%"
"04/18/2024","33.75","34.03","34.09","33.46","18.49M","0.60%"
"04/19/2024","34.07","33.70","34.31","33.70","19.79M","0.95%"
"04/22/2024","32.53","32.60","33.19","32.43","41.11M","-4.52%"
"04/23/2024","33.05","32.31","33.15","32.20","24.96M","1.60%"
"04/24/2024","33.12","32.87","33.21","32.79","17.53M","0.21%"
"04/25/2024","34.33","33.15","34.50","32.95","46.56M","3.65%"
"04/26/2024","34.58","34.70","34.95","34.29","21.75M","0.73%"
"04/29/2024","34.77","34.64","34.96","34.07","17.95M","0.55%"
"04/30/2024","33.13","33.83","33.99","33.10","41.60M","-4.72%"
"05/01/2024","33.32","33.40","34.20","33.10","30.05M","0.57%"
"05/02/2024","33.58","33.15","33.81","32.93","22.15M","0.78%"
"05/03/2024","33.44","33.72","33.89","33.15","23.41M","-0.42%"
"05/06/2024","34.21","34.15","34.47","34.10","21.58M","2.30%"
"05/07/2024","34.17","34.10","34.26","33.92","10.06M","-0.12%"
"05/08/2024","34.16","33.84","34.47","33.74","17.70M","-0.03%"
"05/09/2024","35.36","34.44","35.43","34.44","30.26M","3.51%"
"05/10/2024","35.25","35.75","35.88","35.23","20.64M","-0.31%"
"05/13/2024","34.95","35.11","35.45","34.67","17.45M","-0.85%"
"05/14/2024","35.40","35.18","35.46","35.04","14.66M","1.29%"
"05/15/2024","35.91","35.80","36.11","35.06","24.49M","1.44%"
"05/16/2024","35.66","35.67","35.89","35.33","19.42M","-0.70%"
"05/17/2024","36.87","36.21","36.89","36.00","38.75M","3.39%"
"05/20/2024","37.24","36.95","37.47","36.52","24.77M","1.00%"
"05/21/2024","36.93","37.02","37.22","36.73","17.24M","-0.83%"
"05/22/2024","35.45","36.45","36.56","35.29","37.40M","-4.01%"
"05/23/2024","34.75","35.40","35.65","34.66","32.34M","-1.97%"
"05/24/2024","35.26","35.26","35.50","35.13","12.30M","1.47%"
"05/28/2024","36.10","36.03","36.23","35.71","19.22M","2.38%"
"05/29/2024","35.19","35.67","35.91","35.17","19.20M","-2.52%"
"05/30/2024","35.56","35.31","35.85","35.19","16.14M","1.05%"
"05/31/2024","35.30","35.80","35.95","35.00","15.72M","-0.73%"
"06/03/2024","35.51","35.42","35.59","35.13","18.19M","0.59%"
"06/04/2024","34.18","34.96","34.96","33.95","32.85M","-3.75%"
"06/05/2024","34.79","34.43","34.87","34.08","17.60M","1.78%"
"06/06/2024","36.01","34.96","36.03","34.78","28.04M","3.51%"
"06/07/2024","33.54","34.74","34.81","33.49","50.93M","-6.86%"
"06/10/2024","34.03","33.71","34.09","33.45","17.13M","1.46%"
"06/11/2024","33.75","33.80","33.80","33.33","15.36M","-0.82%"
"06/12/2024","34.00","34.50","34.80","33.86","24.77M","0.74%"
"06/13/2024","33.15","33.83","34.06","32.96","23.43M","-2.50%"
"06/14/2024","33.41","33.53","33.54","32.96","17.44M","0.78%"
"06/17/2024","33.20","33.21","33.35","32.83","13.69M","-0.63%"
"06/18/2024","33.70","33.18","33.84","33.07","15.54M","1.51%"
"06/20/2024","34.55","34.07","34.79","33.87","20.77M","2.52%"
"06/21/2024","33.99","34.41","34.47","33.79","25.32M","-1.62%"
"06/24/2024","34.25","34.28","34.58","34.12","18.74M","0.76%"
"06/25/2024","33.84","34.07","34.10","33.81","11.29M","-1.20%"
"06/26/2024","33.82","33.35","33.90","33.28","13.33M","-0.06%"
"06/27/2024","34.23","34.20","34.43","34.16","11.93M","1.21%"
"06/28/2024","33.93","34.50","34.60","33.73","15.82M","-0.88%"
"07/01/2024","33.89","34.09","34.42","33.81","9.04M","-0.12%"
"07/02/2024","34.02","33.86","34.35","33.65","12.88M","0.38%"
"07/03/2024","35.28","34.55","35.56","34.52","21.55M","3.70%"
"07/05/2024","36.27","35.88","36.53","35.86","22.02M","2.81%"
"07/08/2024","36.10","35.86","36.15","35.51","16.42M","-0.47%"
"07/09/2024","36.11","36.13","36.37","35.83","8.22M","0.03%"
"07/10/2024","37.05","36.54","37.17","36.53","20.50M","2.60%"
"07/11/2024","38.09","37.93","38.15","37.03","27.46M","2.81%"
"07/12/2024","38.17","37.65","38.31","37.65","16.26M","0.21%"
"07/15/2024","37.95","38.20","38.58","37.69","20.30M","-0.58%"
"07/16/2024","39.28","38.27","39.32","38.10","24.69M","3.50%"
"07/17/2024","38.44","39.16","39.41","38.38","23.58M","-2.14%"
"07/18/2024","37.87","38.69","38.69","37.64","17.06M","-1.48%"
"07/19/2024","37.39","36.86","37.71","36.79","22.86M","-1.27%"
"07/22/2024","37.45","37.31","37.58","36.97","15.25M","0.16%"
"07/23/2024","37.45","37.42","37.56","37.15","8.24M","0.00%"
"07/24/2024","37.23","37.82","38.38","37.20","20.73M","-0.59%"
"07/25/2024","36.19","36.26","36.56","35.90","31.71M","-2.79%"
"07/26/2024","36.48","36.52","36.76","36.31","15.90M","0.80%"
"07/29/2024","36.64","36.60","36.70","36.06","10.11M","0.44%"
"07/30/2024","36.95","36.87","37.03","36.38","12.74M","0.85%"
"07/31/2024","37.93","37.64","38.00","37.40","26.23M","2.65%"
"08/01/2024","37.27","37.95","38.21","36.79","18.20M","-1.74%"
"08/02/2024","36.48","37.76","38.06","36.10","27.34M","-2.12%"
"08/05/2024","35.34","34.30","35.59","33.87","28.62M","-3.12%"
"08/06/2024","35.63","35.15","36.04","34.92","14.29M","0.82%"
"08/07/2024","34.71","36.10","36.25","34.58","17.66M","-2.58%"
"08/08/2024","35.55","35.19","35.76","34.74","16.68M","2.42%"
"08/09/2024","35.84","35.84","35.89","35.21","9.77M","0.82%"
"08/12/2024","36.90","36.15","37.11","36.06","23.08M","2.96%"
"08/13/2024","37.38","36.80","37.50","36.75","13.09M","1.30%"
"08/14/2024","37.11","37.10","37.20","36.56","11.57M","-0.72%"
"08/15/2024","37.29","37.15","37.50","36.65","14.41M","0.49%"
"08/16/2024","38.49","37.88","38.49","37.66","25.97M","3.22%"
"08/19/2024","39.22","38.22","39.25","38.16","21.16M","1.90%"
"08/20/2024","39.50","39.65","39.97","39.17","21.55M","0.71%"
"08/21/2024","39.77","39.40","39.92","39.10","13.92M","0.68%"
"08/22/2024","38.78","39.22","39.22","38.54","19.74M","-2.49%"
"08/23/2024","39.34","39.25","39.56","38.81","15.86M","1.44%"
"08/26/2024","39.23","39.58","39.67","39.06","9.22M","-0.28%"
"08/27/2024","39.22","38.92","39.26","38.66","8.48M","-0.03%"
"08/28/2024","38.36","38.73","38.73","38.04","16.99M","-2.19%"
"08/29/2024","38.88","38.54","39.14","38.51","13.33M","1.36%"
"08/30/2024","38.62","38.79","38.98","38.34","13.17M","-0.67%"
"09/03/2024","37.27","38.01","38.11","36.90","25.26M","-3.50%"
"09/04/2024","36.91","36.89","37.36","36.72","15.69M","-0.97%"
"09/05/2024","37.33","37.66","37.83","37.28","16.26M","1.14%"
"09/06/2024","36.32","37.17","37.43","36.22","19.94M","-2.71%"
"09/09/2024","36.76","36.61","36.88","36.51","15.26M","1.21%"
"09/10/2024","37.22","36.76","37.23","36.45","13.94M","1.25%"
"09/11/2024","37.39","36.90","37.41","36.49","10.85M","0.46%"
"09/12/2024","39.21","38.06","39.43","38.02","35.29M","4.87%"
"09/13/2024","40.09","39.80","40.22","39.77","27.46M","2.24%"
"09/16/2024","39.89","40.00","40.23","39.58","12.16M","-0.50%"
"09/17/2024","39.49","39.70","40.08","39.31","17.91M","-1.00%"
"09/18/2024","39.06","39.76","40.99","39.02","41.24M","-1.09%"
"09/19/2024","39.72","40.10","40.25","39.26","22.28M","1.69%"
"09/20/2024","40.51","40.40","40.68","40.06","28.60M","1.99%"
"09/23/2024","40.33","40.54","41.19","40.30","19.15M","-0.44%"
"09/24/2024","41.41","40.74","41.59","40.34","27.42M","2.68%"
"09/25/2024","41.31","41.30","41.69","41.18","18.58M","-0.24%"
"09/26/2024","41.64","41.62","41.95","41.22","21.03M","0.80%"
"09/27/2024","40.36","41.39","41.58","40.31","25.32M","-3.07%"
"09/30/2024","39.82","40.10","40.18","39.35","24.53M","-1.34%"
"10/01/2024","40.45","40.31","40.76","39.96","22.98M","1.58%"
"10/02/2024","40.37","40.50","40.79","40.04","13.27M","-0.20%"
"10/03/2024","39.56","39.85","39.87","39.35","17.15M","-2.01%"
"10/04/2024","39.55","39.65","40.19","39.35","15.82M","-0.03%"
"10/07/2024","39.03","39.29","39.30","38.83","15.13M","-1.31%"
"10/08/2024","38.99","38.68","39.00","38.38","16.18M","-0.10%"
"10/09/2024","38.79","38.44","38.79","38.17","16.48M","-0.51%"
"10/10/2024","39.87","38.99","39.89","38.77","22.98M","2.78%"
"10/11/2024","40.05","40.03","40.46","39.99","12.06M","0.45%"
"10/14/2024","40.16","39.93","40.31","39.68","7.45M","0.27%"
"10/15/2024","40.68","40.13","40.68","39.97","19.94M","1.29%"
"10/16/2024","41.00","41.15","41.72","40.89","20.38M","0.79%"
"10/17/2024","41.49","41.36","41.88","41.17","22.97M","1.20%"
"10/18/2024","43.15","42.00","43.31","41.82","31.22M","4.00%"
"10/21/2024","43.22","43.75","44.01","43.08","21.06M","0.16%"
"10/22/2024","44.09","43.52","44.22","43.52","21.16M","2.01%"
"10/23/2024","43.26","43.50","43.80","42.91","22.96M","-1.88%"
"10/24/2024","42.13","43.47","43.51","41.40","31.95M","-2.61%"
"10/25/2024","41.56","41.91","42.16","41.40","21.54M","-1.35%"
"10/28/2024","41.36","41.33","41.63","41.23","14.78M","-0.48%"
"10/29/2024","42.02","41.80","42.13","41.48","20.28M","1.60%"
"10/30/2024","41.51","41.95","41.96","41.03","18.16M","-1.21%"
"10/31/2024","40.34","40.83","40.89","39.87","28.00M","-2.82%"
"11/01/2024","39.85","40.49","40.81","39.85","14.36M","-1.21%"
"11/04/2024","39.90","40.27","40.37","39.70","13.30M","0.13%"
"11/05/2024","40.11","40.37","40.53","39.87","16.83M","0.53%"
"11/06/2024","38.64","38.21","38.99","37.56","44.26M","-3.66%"
"11/07/2024","39.57","39.00","39.79","38.73","26.92M","2.41%"
"11/08/2024","39.02","39.23","39.34","38.63","22.86M","-1.39%"
"11/11/2024","36.73","37.42","37.73","36.19","45.73M","-5.87%"
"11/12/2024","36.11","36.27","36.46","35.67","37.43M","-1.69%"
"11/13/2024","35.56","36.41","36.63","35.56","24.80M","-1.52%"
"11/14/2024","35.72","35.31","35.97","35.19","34.77M","0.45%"
"11/15/2024","35.51","35.93","36.18","35.40","20.36M","-0.59%"
"11/18/2024","37.02","36.55","37.28","36.47","33.58M","4.25%"
"11/19/2024","37.88","37.49","37.93","37.22","22.83M","2.32%"
"11/20/2024","37.72","37.73","37.85","37.51","16.24M","-0.42%"
"11/21/2024","38.14","38.12","38.20","37.59","21.18M","1.11%"
"11/22/2024","38.28","38.47","38.57","38.02","19.69M","0.37%"
"11/25/2024","37.14","36.99","37.24","36.78","31.49M","-2.98%"
"11/26/2024","37.29","37.11","37.41","36.83","9.92M","0.40%"
"11/27/2024","37.45","37.75","37.97","37.32","15.29M","0.43%"
"11/29/2024","37.66","37.72","37.85","37.50","7.28M","0.56%"
"12/02/2024","36.83","37.17","37.37","36.71","16.54M","-2.20%"
"12/03/2024","37.70","37.10","38.12","37.10","18.59M","2.36%"
"12/04/2024","37.60","37.78","38.01","37.54","8.15M","-0.27%"
"12/05/2024","37.53","37.64","37.99","37.14","9.91M","-0.19%"
"12/06/2024","36.82","37.41","37.41","36.74","13.46M","-1.89%"
"12/09/2024","37.91","38.02","38.87","37.91","30.31M","2.96%"
"12/10/2024","37.98","38.40","38.51","37.90","13.34M","0.18%"
"12/11/2024","39.09","38.24","39.17","38.08","21.12M","2.92%"
"12/12/2024","37.66","38.31","38.42","37.62","22.71M","-3.66%"
"12/13/2024","36.65","37.24","37.38","36.49","19.52M","-2.68%"
"12/16/2024","36.42","36.86","36.90","36.29","11.42M","-0.63%"
"12/17/2024","36.19","35.99","36.31","35.79","14.78M","-0.63%"
"12/18/2024","34.53","35.98","36.08","34.36","32.77M","-4.59%"
"12/19/2024","34.39","34.72","34.94","34.19","22.16M","-0.41%"
"12/20/2024","34.73","34.50","35.12","34.44","27.87M","0.99%"
"12/23/2024","34.41","34.23","34.48","33.88","14.59M","-0.92%"
"12/24/2024","34.41","34.52","34.58","34.13","5.32M","0.00%"
"12/26/2024","34.47","34.53","34.76","34.36","8.73M","0.17%"
"12/27/2024","34.26","34.08","34.38","33.83","10.59M","-0.61%"
"12/30/2024","33.77","33.90","34.01","33.42","18.27M","-1.43%"
"12/31/2024","33.91","33.65","34.05","33.60","8.03M","0.41%"
"01/02/2025","35.34","34.46","35.40","34.44","24.53M","4.22%"
"01/03/2025","35.00","35.23","35.29","34.97","13.69M","-0.96%"
"01/06/2025","34.58","35.00","35.22","34.52","13.04M","-1.20%"
"01/07/2025","35.05","35.25","35.86","34.87","16.98M","1.36%"
"01/08/2025","35.90","35.42","35.97","35.26","25.01M","2.43%"
"01/10/2025","35.97","36.66","36.90","35.74","19.83M","0.19%"
"01/13/2025","35.38","35.63","35.66","35.10","15.74M","-1.64%"
"01/14/2025","36.32","35.51","36.41","35.51","16.16M","2.66%"
"01/15/2025","36.72","36.79","36.92","36.19","17.44M","1.10%"
"01/16/2025","36.62","36.97","37.17","36.58","13.48M","-0.27%"
"01/17/2025","36.75","36.33","37.02","36.12","16.42M","0.36%"
"01/21/2025","37.61","37.11","37.95","37.11","26.50M","2.34%"
"01/22/2025","37.53","38.00","38.05","37.31","12.56M","-0.21%"
"01/23/2025","37.50","37.12","37.52","36.84","12.87M","-0.08%"
"01/24/2025","37.95","37.99","38.16","37.84","13.73M","1.20%"
"01/27/2025","37.35","37.59","37.59","36.85","15.49M","-1.58%"
"01/28/2025","37.70","37.48","37.79","37.21","10.99M","0.94%"
"01/29/2025","37.90","37.66","38.25","37.45","11.32M","0.53%"
"01/30/2025","39.42","38.66","39.73","38.57","28.59M","4.01%"
"01/31/2025","38.96","39.52","39.68","38.80","19.91M","-1.17%"
